epoch,step,train_loss,val_loss,val_macro_iou,val_macro_f1,lr,train_seconds,val_seconds,epoch_seconds,elapsed_seconds,snapshot
1,2885,0.8754671265388899,0.7926210650796903,0.41880600997575607,0.5492405499361219,5e-05,2894.284,914.456,3808.741,3808.741,epoch_001_patch_35422.png
2,5770,0.7180832260402897,0.7419185078836095,0.4285161812343246,0.5614707196526979,0.0001,2867.105,1324.304,4191.409,8000.15,epoch_002_patch_35422.png
3,8655,0.6372978505889919,0.727626906501988,0.4281467169681138,0.5616072892619711,9.983776341781682e-05,2867.244,1368.373,4235.617,12235.767,epoch_003_patch_35422.png
4,11540,0.6179046158154254,0.7180051673387724,0.4366242298010179,0.5707501999951379,9.935216191162932e-05,2866.858,1724.633,4591.491,16827.258,epoch_004_patch_35422.png
5,14425,0.6094757762690763,0.7173582894613731,0.4336111501264833,0.5668902040577333,9.85465126321182e-05,2868.354,845.877,3714.231,20541.489,epoch_005_patch_35422.png
6,17310,0.6043039380161147,0.7139144442813596,0.43343195959487135,0.5667087029851059,9.742631898078014e-05,2866.148,2034.242,4900.39,25441.879,epoch_006_patch_35422.png
7,20195,0.6015259308459647,0.7154454114979107,0.4321059184298659,0.5640297368055669,9.599923301611523e-05,3073.821,105.749,3179.571,28621.45,epoch_007_patch_35422.png
8,23080,0.5994592139377958,0.7124903997351492,0.43632968146576095,0.5703292654717255,9.427500318230823e-05,3154.952,113.354,3268.306,31889.756,epoch_008_patch_35422.png
9,25965,0.5975853618757357,0.7118046087169357,0.432225297541732,0.5636001266732875,9.226540771747011e-05,3032.021,99.93,3131.95,35021.706,epoch_009_patch_35422.png
10,28850,0.5960581516269174,0.7101035893147813,0.4362595452345287,0.5710625956987868,8.99841741963287e-05,2931.002,98.104,3029.107,38050.813,epoch_010_patch_35422.png
11,31735,0.5943815521392294,0.7086780805832282,0.43829375492891254,0.5731294215001532,8.744688575697377e-05,2862.659,94.152,2956.811,41007.624,epoch_011_patch_35422.png
12,34620,0.5932010541962173,0.7107296695742392,0.4367567499249009,0.5715093193039655,8.46708746522227e-05,2860.711,93.685,2954.395,43962.019,epoch_012_patch_35422.png
13,37505,0.5922520741639559,0.708112783832682,0.4378252296575287,0.5724858055981712,8.167510385275923e-05,2861.541,94.345,2955.886,46917.905,epoch_013_patch_35422.png
14,40390,0.5909169643342598,0.7077660519282709,0.43929243667188383,0.5748310645954016,7.84800375108153e-05,2868.267,94.739,2963.006,49880.911,epoch_014_patch_35422.png
15,43275,0.5898202506053799,0.7089270677207105,0.43496502007370197,0.5674672192884016,7.510750116926101e-05,2863.975,94.365,2958.34,52839.251,epoch_015_patch_35422.png
16,46160,0.5887720329922654,0.7100865422463529,0.432487777246591,0.5660009920827214,7.158053267101606e-05,2864.245,93.919,2958.164,55797.415,epoch_016_patch_35422.png
17,49045,0.5877250061911148,0.7102804234680439,0.43344979396076366,0.5684477494179216,6.792322478722247e-05,2864.475,93.781,2958.256,58755.671,epoch_017_patch_35422.png
18,51930,0.5866359318149772,0.7070076322116184,0.43674346584177554,0.570029459163518,6.416056063918797e-05,2866.372,93.607,2959.98,61715.651,epoch_018_patch_35422.png
19,54815,0.5858938473349428,0.7082128303451567,0.4336492556772481,0.5670867653375229,6.031824303833487e-05,2865.103,93.512,2958.615,64674.266,epoch_019_patch_35422.png
