channel,natural_positive_fraction,expected_sampled_positive_fraction,epoch1_sampled_positive_fraction,positive_weight
Hoechst,0.525853808978143,0.5542305754213814,0.5540559182650914,1.0
CD31,0.016276189971960734,0.017753328136175292,0.01768760055761254,11.716347922568662
CD45,0.2899669062701208,0.38205242688142543,0.3809796598608661,1.7114258745178585
CD68,0.07259383563067051,0.12007952454387191,0.1194831602738916,4.611286870135367
CD4,0.14703413693538223,0.22014672284163636,0.21913271150646138,2.8714951312566677
FOXP3,0.00600611210077894,0.01112795972607033,0.011052038567632698,16.0
CD8a,0.028550796903494942,0.0669143621384707,0.06697323968325157,8.30005780517737
CD45RO,0.08520470740595326,0.16894873125953166,0.16786442337159813,4.154475469944983
CD20,0.016633208000307237,0.038678113488186144,0.03849984889944259,11.562286110360096
PDL1,0.05287268260940571,0.14629487657520177,0.14546187183514153,5.64814984796524
CD3e,0.06632624341996414,0.11636497269578706,0.11608295763401975,4.887714734409634
CD163,0.07138789741314357,0.11021362956028308,0.10988727038158645,4.661501724112262
ECadherin,0.23468245772834687,0.23583206989278935,0.23592072913133116,2.032434808473632
Ki67,0.05310803373331017,0.0672045779779361,0.06719086350424046,5.6322785568126355
Pan-CK,0.3035740718015665,0.3227104991450136,0.3223006879185778,1.645758677051442
SMA,0.14754969166080434,0.1609534316206673,0.16162966653690164,2.864431622365007
