channel,v1,v2,v3,v4,v5,v6,v7,v9,v10,v11
Hoechst,0.7381987783701337,0.8528252803650898,0.8611069247317503,0.8279925105953456,0.8320463633147257,0.8912167856036235,0.8759980972507347,0.8923448668879483,0.8751951412918543,0.8847093192292483
CD31,0.22102400985310142,0.2660289386506976,0.27228235709672155,0.200105302594614,0.21766580881481978,0.233446775429343,0.22122002091693055,0.22368918933090448,0.23852686166709955,0.23835573878187905
CD45,0.437557953991117,0.4835596611858759,0.4957817737360733,0.3099980743953688,0.3576937549298623,0.5470473321646439,0.5359888082267064,0.5486245280287425,0.5366393368080811,0.5293958840314031
CD68,0.18160792660932934,0.17996867206973366,0.20460018362130475,0.1536955237966032,0.17453140841876558,0.21777744393429924,0.21006768069583684,0.21557988152190907,0.2107097781212026,0.21528733542502487
CD4,0.2236239774574079,0.2562951340963711,0.29811370960911043,0.14756628969655125,0.19888271623452275,0.3000573216187914,0.31288911462451646,0.3055661059478641,0.31587930080332843,0.30583863499621244
FOXP3,0.0709224244535819,0.0767982662927947,0.10308101240813364,0.10567214324682922,0.1196279875358951,0.09041189889906744,0.10149003688437329,0.0853845168291613,0.1074891303011552,0.10435262867701844
CD8a,0.1393184697890696,0.1731843588743106,0.15286807551472945,0.12924349461005774,0.14332276200780228,0.11498894752544993,0.13197402964067945,0.11220989259982785,0.14410902980689855,0.13046348132481803
CD45RO,0.4266254707709446,0.4654958976187314,0.4440172113888126,0.24497933258235163,0.3118399179098193,0.24316679721355772,0.2973326090052925,0.2521041040214345,0.33022356673006,0.31349261986137755
CD20,0.4497976922888771,0.44850973304228847,0.4059763101067265,0.2064865624615673,0.08056432342929526,0.25338346437189063,0.3769974967659306,0.24172060291573164,0.3851634762248118,0.3858007687780936
PDL1,0.06382109115181954,0.18095461343579763,0.3251503100323455,0.11500272504107206,0.06929215868096184,0.10429614769085012,0.08963993827299219,0.089917355134854,0.09824671996952394,0.09867915456321322
CD3e,0.32498530584903496,0.38644133040511,0.39039444878757734,0.3029433854184155,0.354414627076198,0.33413027538864865,0.3893146229297286,0.3123106946670016,0.4085145280618899,0.3611649049383948
CD163,0.11701559634508786,0.13946167940190327,0.12056050579655085,0.07865916231705695,0.08636887744931382,0.16700264000782467,0.16435671922660738,0.15815803451459745,0.1637385353170809,0.17682557122849915
ECadherin,0.893799540040539,0.9088027098258353,0.9123725661006414,0.9061197166577268,0.9117631033603388,0.9174996706783088,0.9125629049175664,0.9145842132609129,0.909877153173188,0.9138443144740247
Ki67,0.30400285755838596,0.33542599169917775,0.3906861011766224,0.3399990020996199,0.3567488258563042,0.3555790806691366,0.3130863989422248,0.3539339794915675,0.31681783485204174,0.3353102429376229
Pan-CK,0.9286552983762941,0.9433914356538006,0.9431049709367064,0.9584028439242043,0.9603424138265986,0.9701534630125599,0.9758822736928229,0.9678974644335319,0.9780646311930036,0.9668761230888848
SMA,0.43504443626676614,0.43720967555276435,0.46496469728605994,0.43606109053205705,0.43250457471537296,0.48918473836191095,0.47450664232928685,0.47860054974422456,0.473877096404503,0.4728586558136911
