标志物,v5,v6/v9,v7,当前r,v10/v11
Hoechst,0.407728871705547,1.0,0.6385365077311923,0.9016692147637645,1.0
CD31,44.481134741614795,1.0,6.6694178712699355,60.439440171361774,11.716347922568662
CD45,1.5529106018232004,1.0,1.2461583373806078,2.448669411496368,1.7114258745178585
CD68,9.19727891168365,1.0,3.032701586322606,12.775274323395928,4.611286870135367
CD4,4.0346103607231765,1.0,2.008633953890847,5.80114169976374,2.8714951312566677
FOXP3,122.25104439839883,1.0,11.05671942297528,165.49705886613552,16.0
CD8a,24.92780830941533,1.0,4.992775611762993,34.02529205682482,8.30005780517737
CD45RO,7.68801280741378,1.0,2.7727266016348926,10.73644074893132,4.154475469944983
CD20,43.50491986760414,1.0,6.595825942791709,59.12069349349378,11.562286110360096
PDL1,13.000794978826706,1.0,3.605661517506421,17.913358480171127,5.64814984796524
CD3e,10.160885209609928,1.0,3.1876143445545493,14.0769883599197,4.887714734409634
CD163,9.369539039800504,1.0,3.06097027751014,13.007976649216806,4.661501724112262
ECadherin,2.15430303722037,1.0,1.467754419928746,3.261076902294653,2.032434808473632
Ki67,12.9387496986273,1.0,3.597047358407629,17.829542909113293,5.6322785568126355
Pan-CK,1.438480944046967,1.0,1.1993668930093773,2.294088965060421,1.645758677051442
SMA,4.017018882673212,1.0,2.0042502046084993,5.777377768425684,2.864431622365007
