channel,v6,v7,v9,v10,v11
Hoechst,0.8486260018738794,0.8464843393762298,0.8513070001046791,0.8486578280789883,0.8439283528705539
CD31,0.22037739719523905,0.21406769856439767,0.2136516216853899,0.21638702369431723,0.21549847677012277
CD45,0.6224290966194388,0.6165604684450209,0.6195750738680057,0.6146722369053949,0.6197853406466943
CD68,0.2653908737696975,0.2634945449489208,0.2610812892722556,0.2635679686472589,0.2696339589428835
CD4,0.36366557945361644,0.36376279665320016,0.36189011078282995,0.36574358389201567,0.36628424374007024
FOXP3,0.10293484222082043,0.10611877877188625,0.10075047378112936,0.10619042874345888,0.10728495179044899
CD8a,0.21835457045927673,0.22915874754006796,0.22311758297001916,0.22963307370139596,0.22892101352221814
CD45RO,0.47971595206994105,0.49606031403472906,0.4869505349624525,0.486203341489331,0.49465360525419766
CD20,0.3567903367340934,0.39287805971418155,0.34973854566867957,0.39813953197060015,0.3975478732512975
PDL1,0.2465924638711575,0.23174803553878107,0.25202382395123835,0.24560354468102114,0.24391029507107842
CD3e,0.34540308354084026,0.3453794241284655,0.3422292450916982,0.3481128083854867,0.34828292310555636
CD163,0.19411255425708224,0.19030084722029722,0.19097303099747975,0.19102067323690775,0.19414818635446704
ECadherin,0.826828611237668,0.8278977483238522,0.8287126302179333,0.8284237319320659,0.828818264150566
Ki67,0.3060971867891993,0.29367144182140287,0.3147453824089087,0.2940283808517592,0.3005801828290685
Pan-CK,0.8060186595764213,0.7854500719636905,0.803587475654186,0.7879048410945532,0.8040239613659265
SMA,0.39986185692739795,0.39353994327798386,0.4017704064918345,0.3950773622704499,0.3929336211282012
