channel,precision,recall,f1,dice,iou,specificity,support,negative_support,auroc_histogram,average_precision_histogram,ece,brier,threshold
Hoechst,0.8068244313057071,0.9768751202002948,0.8837438038786714,0.8837438038786714,0.7917033804152027,0.7984902482990707,170496670,197893733,0.9582188718195772,0.9243109229351988,0.10222416101518267,0.10055107121446354,0.5
CD31,0.18506956078313003,0.49641916768624444,0.2696217075647463,0.2696217075647463,0.15581662619293105,0.9840990561594309,2660415,365729988,0.7960221474890854,0.1379367549573581,0.018455321715765593,0.017772914910705807,0.5
CD45,0.3281428250775478,0.7519166516228946,0.45689345746062077,0.45689345746062077,0.29608678653435305,0.8126526271560343,39966705,328423698,0.8570938960202032,0.41277495544589926,0.16541560067845654,0.16044809271124919,0.5
CD68,0.14754078319041936,0.38401255016353114,0.21317715025352124,0.21317715025352124,0.1193051400052152,0.9381308230028942,9993814,358396589,0.8040322102223226,0.12081792145237959,0.06723623674107047,0.06307629299842843,0.5
CD4,0.163925540777769,0.5416014013452985,0.25167657618959915,0.25167657618959915,0.14395309973087253,0.8753304751412724,15908142,352482261,0.7898294460062946,0.1480418853294146,0.12687167276092529,0.1157464161957653,0.5
FOXP3,0.09833581194103552,0.2945052357253874,0.14744086264902478,0.14744086264902478,0.07958766858036959,0.995322773778158,636970,367753433,0.726482165008239,0.048901159442548345,0.005648486359810399,0.005315996097748599,0.5
CD8a,0.11035471076062275,0.43157842368943305,0.17576600908561768,0.17576600908561768,0.09635058329195828,0.9807198669969179,2030171,366360232,0.7905949457992552,0.07874341846171268,0.0211837475659056,0.01920732024874069,0.5
CD45RO,0.2776877231933796,0.6124392526087787,0.38211820622092074,0.38211820622092074,0.23618425504891907,0.9865307751172193,3088610,365301793,0.8778424219740231,0.24542918937673183,0.015066551595830266,0.014577278266740944,0.5
CD20,0.052912270758052424,0.3146185941491104,0.09058931278242749,0.09058931278242749,0.04744359785397235,0.9729458273389914,1761339,366629064,0.6903676434372904,0.025793810316786386,0.029508280525520278,0.027120296537891803,0.5
PDL1,0.16096707929990903,0.5000012663196951,0.24353282277168756,0.24353282277168756,0.13864923064260154,0.9717634703817977,3948450,364441953,0.7941841720068041,0.179447718875791,0.03252869334818238,0.028237070017848406,0.5
CD3e,0.3209130787398157,0.48986858249187964,0.3877868543463621,0.3877868543463621,0.2405307607072898,0.9779216485895033,7682538,360707865,0.8040412555760101,0.25140272330226254,0.02891520391696492,0.028557656710763827,0.5
CD163,0.0771227203044999,0.47597447887155275,0.13273777795575653,0.13273777795575653,0.07108684382337994,0.8570674871705988,9018410,359371993,0.7721344397002489,0.0605915482013719,0.14565376332867405,0.1340731059831909,0.5
ECadherin,0.8720284794425309,0.9557375756772363,0.911966148544431,0.911966148544431,0.8381781020180622,0.936347985067066,114996932,253393471,0.9773643224278377,0.934623218994851,0.042007591423895,0.04884887880224006,0.5
Ki67,0.38393701349768733,0.651357183455,0.48310930839189575,0.48310930839189575,0.3184865666752402,0.9480915674868524,17430547,350959856,0.8969408975586312,0.39000377016159515,0.05452963227983666,0.05633234244184553,0.5
Pan-CK,0.8747538108235059,0.9327595550440294,0.9028259384020496,0.9028259384020496,0.822864821546321,0.9177488736009444,140408589,227981814,0.9622721144490782,0.9223751944311563,0.053154757560938674,0.06509624673287431,0.5
SMA,0.43984765166030254,0.750487070424685,0.5546338679418096,0.5546338679418096,0.38373243681309677,0.8036273246284781,62789688,305600715,0.8438809977589845,0.44393815232382805,0.1731771815492926,0.18251954965680683,0.5
