model,test,policy,precision,recall,f1,dice,iou,auroc_histogram,average_precision_histogram
v1,CRC02_6638,fixed_05,0.9014085797346237,0.00312156644613359,0.006069300926217335,0.006069300926217335,0.003121295905397796,0.8553827301440264,0.3937381157577854
v1,CRC02_6638,own_validation,0.37225005182321813,0.5380292588235494,0.4170473352930478,0.4170473352930478,0.3043745398532498,0.8553827301440264,0.3937381157577854
v2,CRC02_6638,fixed_05,0.9939197015491675,0.002639324606764847,0.005157490348511085,0.005157490348511085,0.0026392816700991665,0.8422328490402244,0.4008856166296869
v2,CRC02_6638,own_validation,0.40839708613564263,0.5337001724201729,0.44158230423642697,0.44158230423642697,0.32242807201024337,0.8422328490402244,0.4008856166296869
v3,CRC02_6638,fixed_05,0.9925274479324308,0.0038632334133555735,0.007505383713900634,0.007505383713900634,0.0038631746132223926,0.9019156348856648,0.42965195278107005
v3,CRC02_6638,own_validation,0.42406632239561665,0.5414542560031841,0.45667023112354554,0.45667023112354554,0.33247025019710763,0.9019156348856648,0.42965195278107005
v4,CRC02_6638,fixed_05,0.3577542885405408,0.5915513499996404,0.42849200649889074,0.42849200649889074,0.31519890145267665,0.8260876593578766,0.3363364743556177
v4,CRC02_6638,own_validation,0.3414329474980901,0.6388743245115681,0.413620153931401,0.413620153931401,0.30257457058911186,0.8260876593578766,0.3363364743556177
v5,CRC02_6638,fixed_05,0.29401013129793196,0.7879960604048741,0.3727274518555286,0.3727274518555286,0.2807580443862817,0.9148316481857802,0.41294378129014203
v5,CRC02_6638,own_validation,0.35047560147253726,0.632311784090828,0.4206791035288543,0.4206791035288543,0.31127956655757577,0.9148316481857802,0.41294378129014203
v6,CRC02_6638,fixed_05,0.42450369151210415,0.554469785290211,0.4718214440124472,0.4718214440124472,0.35007331283589416,0.9026669559474167,0.43129549072628065
v6,CRC02_6638,own_validation,0.38933392391061916,0.6302018104094056,0.4533572585476082,0.4533572585476082,0.3366751451871973,0.9026669559474167,0.43129549072628065
v7,CRC02_6638,fixed_05,0.3957109085032007,0.6201134678854314,0.46400185876908684,0.46400185876908684,0.34382123020326955,0.9216558730436286,0.44273414712076714
v7,CRC02_6638,own_validation,0.3989567121451394,0.6176762200943221,0.4541471865073603,0.4541471865073603,0.3347558913181419,0.9216558730436286,0.44273414712076714
v9,CRC02_6638,fixed_05,0.4176527613741937,0.5573365990226165,0.4704490374146444,0.4704490374146444,0.34926863235080186,0.9047027423154423,0.4305040793128441
v9,CRC02_6638,own_validation,0.38453912370813836,0.6328426633589963,0.44884629644096585,0.44884629644096585,0.3335592283558033,0.9047027423154423,0.4305040793128441
v10,CRC02_6638,fixed_05,0.37068874475859304,0.6657382993602297,0.4516580069077019,0.4516580069077019,0.3348417535226471,0.9253409076299077,0.44814490831185305
v10,CRC02_6638,own_validation,0.40581700754535766,0.6073942259630205,0.4588885928259361,0.4588885928259361,0.33845239163438756,0.9253409076299077,0.44814490831185305
v11,CRC02_6638,fixed_05,0.383183939532802,0.6459058491950411,0.46030984310735423,0.46030984310735423,0.3418515203061374,0.9250430986419858,0.4458169753368981
v11,CRC02_6638,own_validation,0.4020784611343379,0.616208515107086,0.4598457300040875,0.4598457300040875,0.34098365467660197,0.9250430986419858,0.4458169753368981
v6,full_38218,fixed_05,0.5408053656204713,0.5535393041983685,0.5421648172637681,0.5421648172637681,0.4077525480606905,0.9169805098703986,0.5315114117360599
v6,full_38218,own_validation,0.4996539500863847,0.6513185210807046,0.5494255964470842,0.5494255964470842,0.41269994166223556,0.9169805098703986,0.5315114117360599
v7,full_38218,fixed_05,0.5038022332000569,0.6464364778848023,0.553686165353354,0.553686165353354,0.41723255732116554,0.9303069409223946,0.548294872558581
v7,full_38218,own_validation,0.5085792700597984,0.6480691576977066,0.5493043485058999,0.5493043485058999,0.41228582877019415,0.9303069409223946,0.548294872558581
v9,full_38218,fixed_05,0.540746087806896,0.5513645217368501,0.5416543381498375,0.5416543381498375,0.4075489097017062,0.9189486452685338,0.5343516574945832
v9,full_38218,own_validation,0.4975249213126507,0.6562498506104776,0.5491349954015721,0.5491349954015721,0.41263151424429495,0.9189486452685338,0.5343516574945832
v10,full_38218,fixed_05,0.47270811642712063,0.7020039466196315,0.5468640571344576,0.5468640571344576,0.41149196419076206,0.931422555426042,0.5521468758781379
v10,full_38218,own_validation,0.5141488243790259,0.6411726410377442,0.5510806191655468,0.5510806191655468,0.4137103974734378,0.931422555426042,0.5521468758781379
v11,full_38218,fixed_05,0.4857939627570079,0.678351882110147,0.5502998098107754,0.5502998098107754,0.41418409095335057,0.9316328509211984,0.5516228620174364
v11,full_38218,own_validation,0.5105310348439915,0.6489645589689812,0.5532138920046262,0.5532138920046262,0.41601470317458444,0.9316328509211984,0.5516228620174364
