epoch,channel,positive_draws,negative_draws,ignored_draws
1,Hoechst,222875,375,150
1,CD31,191841,31409,150
1,CD45,221297,1953,150
1,CD68,219414,3836,150
1,CD4,221787,1463,150
1,FOXP3,163165,60085,150
1,CD8a,203109,20141,150
1,CD45RO,188916,34334,150
1,CD20,200815,22435,150
1,PDL1,193679,29571,150
1,CD3e,214855,8395,150
1,CD163,218669,4581,150
1,ECadherin,204855,18395,150
1,Ki67,157870,65380,150
1,Pan-CK,208889,14361,150
1,SMA,205615,17635,150
2,Hoechst,222876,385,139
2,CD31,191377,31884,139
2,CD45,221306,1955,139
2,CD68,219350,3911,139
2,CD4,221842,1419,139
2,FOXP3,163054,60207,139
2,CD8a,203194,20067,139
2,CD45RO,188961,34300,139
2,CD20,201030,22231,139
2,PDL1,193984,29277,139
2,CD3e,215014,8247,139
2,CD163,218546,4715,139
2,ECadherin,204752,18509,139
2,Ki67,158079,65182,139
2,Pan-CK,208548,14713,139
2,SMA,205478,17783,139
3,Hoechst,222845,416,139
3,CD31,192105,31156,139
3,CD45,221329,1932,139
3,CD68,219423,3838,139
3,CD4,221710,1551,139
3,FOXP3,163050,60211,139
3,CD8a,203176,20085,139
3,CD45RO,188957,34304,139
3,CD20,200896,22365,139
3,PDL1,193670,29591,139
3,CD3e,215009,8252,139
3,CD163,218639,4622,139
3,ECadherin,204809,18452,139
3,Ki67,157507,65754,139
3,Pan-CK,208747,14514,139
3,SMA,205718,17543,139
4,Hoechst,222861,385,154
4,CD31,191613,31633,154
4,CD45,221337,1909,154
4,CD68,219361,3885,154
4,CD4,221799,1447,154
4,FOXP3,162857,60389,154
4,CD8a,203208,20038,154
4,CD45RO,188757,34489,154
4,CD20,200787,22459,154
4,PDL1,193614,29632,154
4,CD3e,214916,8330,154
4,CD163,218573,4673,154
4,ECadherin,204510,18736,154
4,Ki67,157640,65606,154
4,Pan-CK,208881,14365,154
4,SMA,205555,17691,154
5,Hoechst,222875,364,161
5,CD31,191657,31582,161
5,CD45,221373,1866,161
5,CD68,219380,3859,161
5,CD4,221805,1434,161
5,FOXP3,162840,60399,161
5,CD8a,203033,20206,161
5,CD45RO,189005,34234,161
5,CD20,200561,22678,161
5,PDL1,193490,29749,161
5,CD3e,214947,8292,161
5,CD163,218593,4646,161
5,ECadherin,204672,18567,161
5,Ki67,157708,65531,161
5,Pan-CK,208656,14583,161
5,SMA,205667,17572,161
6,Hoechst,222851,400,149
6,CD31,191427,31824,149
6,CD45,221321,1930,149
6,CD68,219375,3876,149
6,CD4,221788,1463,149
6,FOXP3,162887,60364,149
6,CD8a,203085,20166,149
6,CD45RO,188881,34370,149
6,CD20,200800,22451,149
6,PDL1,193842,29409,149
6,CD3e,214803,8448,149
6,CD163,218575,4676,149
6,ECadherin,204863,18388,149
6,Ki67,157997,65254,149
6,Pan-CK,208957,14294,149
6,SMA,205512,17739,149
7,Hoechst,222852,395,153
7,CD31,191706,31541,153
7,CD45,221359,1888,153
7,CD68,219372,3875,153
7,CD4,221815,1432,153
7,FOXP3,162727,60520,153
7,CD8a,203121,20126,153
7,CD45RO,188717,34530,153
7,CD20,200591,22656,153
7,PDL1,193368,29879,153
7,CD3e,214862,8385,153
7,CD163,218562,4685,153
7,ECadherin,204749,18498,153
7,Ki67,157620,65627,153
7,Pan-CK,208765,14482,153
7,SMA,205745,17502,153
8,Hoechst,222863,378,159
8,CD31,191663,31578,159
8,CD45,221309,1932,159
8,CD68,219414,3827,159
8,CD4,221816,1425,159
8,FOXP3,162758,60483,159
8,CD8a,202984,20257,159
8,CD45RO,188771,34470,159
8,CD20,200862,22379,159
8,PDL1,193721,29520,159
8,CD3e,214969,8272,159
8,CD163,218595,4646,159
8,ECadherin,204813,18428,159
8,Ki67,157500,65741,159
8,Pan-CK,208774,14467,159
8,SMA,205462,17779,159
9,Hoechst,222849,390,161
9,CD31,191642,31597,161
9,CD45,221309,1930,161
9,CD68,219387,3852,161
9,CD4,221822,1417,161
9,FOXP3,162893,60346,161
9,CD8a,203013,20226,161
9,CD45RO,188871,34368,161
9,CD20,200595,22644,161
9,PDL1,193654,29585,161
9,CD3e,214953,8286,161
9,CD163,218583,4656,161
9,ECadherin,204797,18442,161
9,Ki67,157682,65557,161
9,Pan-CK,208867,14372,161
9,SMA,205585,17654,161
10,Hoechst,222825,417,158
10,CD31,191703,31539,158
10,CD45,221316,1926,158
10,CD68,219332,3910,158
10,CD4,221790,1452,158
10,FOXP3,163047,60195,158
10,CD8a,203043,20199,158
10,CD45RO,189024,34218,158
10,CD20,200888,22354,158
10,PDL1,194060,29182,158
10,CD3e,214917,8325,158
10,CD163,218670,4572,158
10,ECadherin,204992,18250,158
10,Ki67,157984,65258,158
10,Pan-CK,208908,14334,158
10,SMA,205713,17529,158
11,Hoechst,222832,405,163
11,CD31,191388,31849,163
11,CD45,221300,1937,163
11,CD68,219351,3886,163
11,CD4,221804,1433,163
11,FOXP3,163272,59965,163
11,CD8a,202835,20402,163
11,CD45RO,188765,34472,163
11,CD20,200790,22447,163
11,PDL1,193675,29562,163
11,CD3e,214786,8451,163
11,CD163,218534,4703,163
11,ECadherin,204568,18669,163
11,Ki67,157940,65297,163
11,Pan-CK,208746,14491,163
11,SMA,205456,17781,163
12,Hoechst,222877,383,140
12,CD31,191862,31398,140
12,CD45,221441,1819,140
12,CD68,219405,3855,140
12,CD4,221887,1373,140
12,FOXP3,163369,59891,140
12,CD8a,203095,20165,140
12,CD45RO,189273,33987,140
12,CD20,201077,22183,140
12,PDL1,193880,29380,140
12,CD3e,215107,8153,140
12,CD163,218683,4577,140
12,ECadherin,204871,18389,140
12,Ki67,158261,64999,140
12,Pan-CK,208876,14384,140
12,SMA,205674,17586,140
13,Hoechst,222852,389,159
13,CD31,191662,31579,159
13,CD45,221261,1980,159
13,CD68,219294,3947,159
13,CD4,221751,1490,159
13,FOXP3,162960,60281,159
13,CD8a,203007,20234,159
13,CD45RO,188753,34488,159
13,CD20,200853,22388,159
13,PDL1,193514,29727,159
13,CD3e,214766,8475,159
13,CD163,218639,4602,159
13,ECadherin,204734,18507,159
13,Ki67,157677,65564,159
13,Pan-CK,208814,14427,159
13,SMA,205591,17650,159
14,Hoechst,222826,405,169
14,CD31,191582,31649,169
14,CD45,221261,1970,169
14,CD68,219312,3919,169
14,CD4,221784,1447,169
14,FOXP3,163137,60094,169
14,CD8a,203052,20179,169
14,CD45RO,188629,34602,169
14,CD20,200807,22424,169
14,PDL1,193670,29561,169
14,CD3e,214844,8387,169
14,CD163,218620,4611,169
14,ECadherin,204903,18328,169
14,Ki67,157771,65460,169
14,Pan-CK,208654,14577,169
14,SMA,205517,17714,169
15,Hoechst,222850,399,151
15,CD31,191728,31521,151
15,CD45,221300,1949,151
15,CD68,219363,3886,151
15,CD4,221761,1488,151
15,FOXP3,162933,60316,151
15,CD8a,203181,20068,151
15,CD45RO,188709,34540,151
15,CD20,200600,22649,151
15,PDL1,193356,29893,151
15,CD3e,214962,8287,151
15,CD163,218614,4635,151
15,ECadherin,204656,18593,151
15,Ki67,157507,65742,151
15,Pan-CK,208551,14698,151
15,SMA,205748,17501,151
16,Hoechst,222873,378,149
16,CD31,191487,31764,149
16,CD45,221326,1925,149
16,CD68,219314,3937,149
16,CD4,221791,1460,149
16,FOXP3,162603,60648,149
16,CD8a,202966,20285,149
16,CD45RO,188605,34646,149
16,CD20,200615,22636,149
16,PDL1,193538,29713,149
16,CD3e,214916,8335,149
16,CD163,218734,4517,149
16,ECadherin,204597,18654,149
16,Ki67,157620,65631,149
16,Pan-CK,208877,14374,149
16,SMA,205649,17602,149
17,Hoechst,222836,401,163
17,CD31,191394,31843,163
17,CD45,221390,1847,163
17,CD68,219341,3896,163
17,CD4,221841,1396,163
17,FOXP3,162932,60305,163
17,CD8a,203262,19975,163
17,CD45RO,188937,34300,163
17,CD20,200796,22441,163
17,PDL1,193550,29687,163
17,CD3e,214914,8323,163
17,CD163,218545,4692,163
17,ECadherin,204846,18391,163
17,Ki67,157632,65605,163
17,Pan-CK,208899,14338,163
17,SMA,205702,17535,163
18,Hoechst,222848,410,142
18,CD31,191550,31708,142
18,CD45,221399,1859,142
18,CD68,219404,3854,142
18,CD4,221825,1433,142
18,FOXP3,162976,60282,142
18,CD8a,203139,20119,142
18,CD45RO,189014,34244,142
18,CD20,200478,22780,142
18,PDL1,193828,29430,142
18,CD3e,214878,8380,142
18,CD163,218593,4665,142
18,ECadherin,204777,18481,142
18,Ki67,157914,65344,142
18,Pan-CK,209136,14122,142
18,SMA,205777,17481,142
