channel,natural_positive_patches,natural_negative_patches,natural_ignored_patches,natural_positive_percent,natural_negative_percent,expected_sampled_positive_percent,sampled_positive_draws,sampled_negative_draws,sampled_ignored_draws,sampled_positive_percent,sampled_negative_percent
Hoechst,222808,388,204,99.82616175917131,0.17383824082868868,99.82720090770162,4011366,7075,2759,99.82393669584796,0.17606330415203308
CD31,188765,34431,204,84.57364827326654,15.426351726733454,85.85310301326697,3449387,569054,2759,85.83893604509808,14.161063954901913
CD45,220852,2344,204,98.9498019677772,1.0501980322227997,99.1386270896304,3983934,34507,2759,99.14128389591885,0.8587161040811598
CD68,218526,4670,204,97.90766859621141,2.0923314037885983,98.26051604087904,3948592,69849,2759,98.26178858915684,1.7382114108431603
CD4,221379,1817,204,99.18591731034607,0.8140826896539365,99.34854497860402,3992418,26023,2759,99.35241054926524,0.6475894507347502
FOXP3,154634,68562,204,69.2817075574831,30.71829244251689,73.023287741798,2933460,1084981,2759,72.99995197142374,27.000048028576256
CD8a,200066,23130,204,89.63691105575369,10.363088944246313,90.97970212043177,3655503,362938,2759,90.96818890709109,9.031811092908917
CD45RO,184188,39008,204,82.52298428287246,17.477015717127546,84.59958009043572,3399545,618896,2759,84.59860428459693,15.401395715403064
CD20,197270,25926,204,88.38420043369953,11.61579956630047,89.92576401532705,3613841,404600,2759,89.93141867704416,10.068581322955843
PDL1,185969,37227,204,83.32093765121239,16.679062348787614,86.72768994815107,3486093,532348,2759,86.75237486378424,13.247625136215762
CD3e,213351,9845,204,95.58907865732361,4.410921342676392,96.27151797443048,3868418,150023,2759,96.26663673797873,3.7333632620212667
CD163,218387,4809,204,97.84539149447123,2.1546085055287727,97.92619730053895,3934967,83474,2759,97.92272674900539,2.077273250994602
ECadherin,200259,22937,204,89.72338213946486,10.276617860535135,91.70253555191232,3685764,332677,2759,91.72124214340835,8.278757856591648
Ki67,148183,75013,204,66.39142278535458,33.60857721464542,70.69172857688159,2839909,1178532,2759,70.67190982771677,29.328090172283233
Pan-CK,206105,17091,204,92.34260470617753,7.65739529382247,93.53126764476053,3758545,259896,2759,93.53241717372484,6.467582826275165
SMA,203961,19235,204,91.38201401458808,8.617985985411925,92.11990669046428,3701164,317277,2759,92.10447534255199,7.895524657448
