selection,patch_id,patient_id,image_path,target_path,tissue_pixels,total_marker_fraction,expressed_channels,immune_fraction,epithelial_fraction,selected_feature
near_negative,316701,CRC02,he/18459_LSP10364_US_SCAN_OR_001__092347-registered.ome_47104_28672_0_512_512.jpeg,if/P37_S30_A24_C59kX_E15_20220106_014319_409148-zlib.ome_47104_28672_0_512_512.tiff,110889,0.0003517030544057,4.0,0.0003517030544057,0.0,0.0003517030544057
low_signal,313971,CRC02,he/18459_LSP10364_US_SCAN_OR_001__092347-registered.ome_24576_40960_0_512_512.jpeg,if/P37_S30_A24_C59kX_E15_20220106_014319_409148-zlib.ome_24576_40960_0_512_512.tiff,32483,0.3642828556475694,14.0,0.3567096635163007,0.0003386386725364,0.3642828556475694
many_channels,311812,CRC02,he/18459_LSP10364_US_SCAN_OR_001__092347-registered.ome_0_29184_0_512_512.jpeg,if/P37_S30_A24_C59kX_E15_20220106_014319_409148-zlib.ome_0_29184_0_512_512.tiff,50307,2.102868388097084,15.0,0.1363826107698729,1.6203510445862404,15.0
immune_dense,317105,CRC02,he/18459_LSP10364_US_SCAN_OR_001__092347-registered.ome_51200_12800_0_512_512.jpeg,if/P37_S30_A24_C59kX_E15_20220106_014319_409148-zlib.ome_51200_12800_0_512_512.tiff,100788,4.312864626741279,15.0,4.2198773663531375,0.0026392030797317,4.2198773663531375
epithelial_dense,313091,CRC02,he/18459_LSP10364_US_SCAN_OR_001__092347-registered.ome_18944_18944_0_512_512.jpeg,if/P37_S30_A24_C59kX_E15_20220106_014319_409148-zlib.ome_18944_18944_0_512_512.tiff,109280,2.362015007320644,15.0,0.0189147144948755,1.9937774524158125,1.9937774524158125
CD68_dense,317169,CRC02,he/18459_LSP10364_US_SCAN_OR_001__092347-registered.ome_5120_16896_0_512_512.jpeg,if/P37_S30_A24_C59kX_E15_20220106_014319_409148-zlib.ome_5120_16896_0_512_512.tiff,60862,3.0272419572146827,14.0,1.55032696920903,1.0098583681114652,0.4670566198941868
CD163_dense,313290,CRC02,he/18459_LSP10364_US_SCAN_OR_001__092347-registered.ome_19968_39424_0_512_512.jpeg,if/P37_S30_A24_C59kX_E15_20220106_014319_409148-zlib.ome_19968_39424_0_512_512.tiff,109197,2.0053389745139523,14.0,1.6299348883211076,0.3625374323470425,0.4481075487421815
CD31_dense,313329,CRC02,he/18459_LSP10364_US_SCAN_OR_001__092347-registered.ome_20480_22528_0_512_512.jpeg,if/P37_S30_A24_C59kX_E15_20220106_014319_409148-zlib.ome_20480_22528_0_512_512.tiff,107906,1.4933831297610884,15.0,1.041499082534799,0.0001853465052916,0.1656163698033473
CD4_dense,315596,CRC02,he/18459_LSP10364_US_SCAN_OR_001__092347-registered.ome_37888_41472_0_512_512.jpeg,if/P37_S30_A24_C59kX_E15_20220106_014319_409148-zlib.ome_37888_41472_0_512_512.tiff,110889,1.617076535995455,12.0,0.9240050861672484,0.0800981161341521,0.8113969825681537
FOXP3_dense,313622,CRC02,he/18459_LSP10364_US_SCAN_OR_001__092347-registered.ome_22524_3176_0_512_512.jpeg,if/P37_S30_A24_C59kX_E15_20220106_014319_409148-zlib.ome_22524_3176_0_512_512.tiff,108600,4.1480755064456725,15.0,2.0498434622467774,1.7607918968692449,0.1468600368324125
PDL1_dense,314895,CRC02,he/18459_LSP10364_US_SCAN_OR_001__092347-registered.ome_31744_36864_0_512_512.jpeg,if/P37_S30_A24_C59kX_E15_20220106_014319_409148-zlib.ome_31744_36864_0_512_512.tiff,105863,1.0662554433560356,14.0,0.4135911508270123,0.0006328934566373,0.523336765442128
SMA_dense,314110,CRC02,he/18459_LSP10364_US_SCAN_OR_001__092347-registered.ome_25600_40448_0_512_512.jpeg,if/P37_S30_A24_C59kX_E15_20220106_014319_409148-zlib.ome_25600_40448_0_512_512.tiff,95212,0.9020606646221064,13.0,0.0488908961055329,0.0001575431668277,0.8483069361004916
fixed_seed_random,313948,CRC02,he/18459_LSP10364_US_SCAN_OR_001__092347-registered.ome_24576_28672_0_512_512.jpeg,if/P37_S30_A24_C59kX_E15_20220106_014319_409148-zlib.ome_24576_28672_0_512_512.tiff,108112,,,,,
fixed_seed_random,317551,CRC02,he/18459_LSP10364_US_SCAN_OR_001__092347-registered.ome_54784_32768_0_512_512.jpeg,if/P37_S30_A24_C59kX_E15_20220106_014319_409148-zlib.ome_54784_32768_0_512_512.tiff,82186,,,,,
fixed_seed_random,315370,CRC02,he/18459_LSP10364_US_SCAN_OR_001__092347-registered.ome_3584_36864_0_512_512.jpeg,if/P37_S30_A24_C59kX_E15_20220106_014319_409148-zlib.ome_3584_36864_0_512_512.tiff,92084,,,,,
fixed_seed_random,318117,CRC02,he/18459_LSP10364_US_SCAN_OR_001__092347-registered.ome_7680_18432_0_512_512.jpeg,if/P37_S30_A24_C59kX_E15_20220106_014319_409148-zlib.ome_7680_18432_0_512_512.tiff,99096,,,,,
fixed_seed_random,313793,CRC02,he/18459_LSP10364_US_SCAN_OR_001__092347-registered.ome_23552_22016_0_512_512.jpeg,if/P37_S30_A24_C59kX_E15_20220106_014319_409148-zlib.ome_23552_22016_0_512_512.tiff,107181,,,,,
fixed_seed_random,317716,CRC02,he/18459_LSP10364_US_SCAN_OR_001__092347-registered.ome_5632_24576_0_512_512.jpeg,if/P37_S30_A24_C59kX_E15_20220106_014319_409148-zlib.ome_5632_24576_0_512_512.tiff,105350,,,,,
fixed_seed_random,317088,CRC02,he/18459_LSP10364_US_SCAN_OR_001__092347-registered.ome_50688_32256_0_512_512.jpeg,if/P37_S30_A24_C59kX_E15_20220106_014319_409148-zlib.ome_50688_32256_0_512_512.tiff,23879,,,,,
fixed_seed_random,316277,CRC02,he/18459_LSP10364_US_SCAN_OR_001__092347-registered.ome_43520_41472_0_512_512.jpeg,if/P37_S30_A24_C59kX_E15_20220106_014319_409148-zlib.ome_43520_41472_0_512_512.tiff,110559,,,,,
fixed_seed_random,313273,CRC02,he/18459_LSP10364_US_SCAN_OR_001__092347-registered.ome_19968_31232_0_512_512.jpeg,if/P37_S30_A24_C59kX_E15_20220106_014319_409148-zlib.ome_19968_31232_0_512_512.tiff,103259,,,,,
fixed_seed_random,315764,CRC02,he/18459_LSP10364_US_SCAN_OR_001__092347-registered.ome_39424_30208_0_512_512.jpeg,if/P37_S30_A24_C59kX_E15_20220106_014319_409148-zlib.ome_39424_30208_0_512_512.tiff,55422,,,,,
fixed_seed_random,315755,CRC02,he/18459_LSP10364_US_SCAN_OR_001__092347-registered.ome_39424_22528_0_512_512.jpeg,if/P37_S30_A24_C59kX_E15_20220106_014319_409148-zlib.ome_39424_22528_0_512_512.tiff,89427,,,,,
fixed_seed_random,316098,CRC02,he/18459_LSP10364_US_SCAN_OR_001__092347-registered.ome_41984_25600_0_512_512.jpeg,if/P37_S30_A24_C59kX_E15_20220106_014319_409148-zlib.ome_41984_25600_0_512_512.tiff,86375,,,,,
